<?xml version="1.0" encoding="UTF-8"?>
<project-private xmlns="http://www.netbeans.org/ns/project-private/1">
    <editor-bookmarks xmlns="http://www.netbeans.org/ns/editor-bookmarks/2" lastBookmarkId="0"/>
    <open-files xmlns="http://www.netbeans.org/ns/projectui-open-files/2">
        <group>
            <file>file:/Users/allenmuy/NetBeansProjects/RecipeCollection/web/resources/css/mycss.css</file>
            <file>file:/Users/allenmuy/NetBeansProjects/RecipeCollection/src/java/Recipe/Recipe.java</file>
            <file>file:/Users/allenmuy/NetBeansProjects/RecipeCollection/web/index.xhtml</file>
            <file>file:/Users/allenmuy/NetBeansProjects/RecipeCollection/web/Recipe/RecipeView.xhtml</file>
            <file>file:/Users/allenmuy/NetBeansProjects/RecipeCollection/web/Recipe/RecipeEdit.xhtml</file>
        </group>
    </open-files>
</project-private>
