<?xml version="1.0" encoding="UTF-8"?>
<project-private xmlns="http://www.netbeans.org/ns/project-private/1">
    <editor-bookmarks xmlns="http://www.netbeans.org/ns/editor-bookmarks/2" lastBookmarkId="0"/>
    <open-files xmlns="http://www.netbeans.org/ns/projectui-open-files/2">
        <group>
            <file>file:/Users/johnkmnguyen/Desktop/CookBook_v7%20new%20n%20improved/RecipeCollection/web/login.jsp</file>
            <file>file:/Users/johnkmnguyen/Desktop/CookBook_v7%20new%20n%20improved/RecipeCollection/src/java/Recipe/RecipeEdit.java</file>
            <file>file:/Users/johnkmnguyen/Desktop/CookBook_v7%20new%20n%20improved/RecipeCollection/web/Recipe/RecipeCreate.xhtml</file>
            <file>file:/Users/johnkmnguyen/Desktop/CookBook_v7%20new%20n%20improved/RecipeCollection/src/java/Recipe/Recipe.java</file>
            <file>file:/Users/johnkmnguyen/Desktop/CookBook_v7%20new%20n%20improved/RecipeCollection/web/Recipe/RecipeView.xhtml</file>
            <file>file:/Users/johnkmnguyen/Desktop/CookBook_v7%20new%20n%20improved/RecipeCollection/web/validation.jsp</file>
            <file>file:/Users/johnkmnguyen/Desktop/CookBook_v7%20new%20n%20improved/RecipeCollection/src/java/Recipe/RecipeManager.java</file>
            <file>file:/Users/johnkmnguyen/Desktop/CookBook_v7%20new%20n%20improved/RecipeCollection/web/logout.jsp</file>
            <file>file:/Users/johnkmnguyen/Desktop/CookBook_v7%20new%20n%20improved/RecipeCollection/web/index.xhtml</file>
            <file>file:/Users/johnkmnguyen/Desktop/CookBook_v7%20new%20n%20improved/RecipeCollection/web/Recipe/RecipeEdit.xhtml</file>
            <file>file:/Users/johnkmnguyen/Desktop/CookBook_v7%20new%20n%20improved/RecipeCollection/src/java/Upload.java</file>
        </group>
    </open-files>
</project-private>
